{
    "rouge-1": {
        "r": 0.5568411768476305,
        "p": 0.567293460769863,
        "f": 0.558630585702747
    },
    "rouge-2": {
        "r": 0.33718831327595034,
        "p": 0.3434727801442,
        "f": 0.3378926420022817
    },
    "rouge-l": {
        "r": 0.5562716436115258,
        "p": 0.5667696970024886,
        "f": 0.5580871405840867
    }
}