{
    "rouge-1": {
        "r": 0.38289996552033034,
        "p": 0.38448616445774736,
        "f": 0.3834408084166049
    },
    "rouge-2": {
        "r": 0.1551725183332491,
        "p": 0.15577906886355594,
        "f": 0.15538533598036414
    },
    "rouge-l": {
        "r": 0.38289996552033034,
        "p": 0.38448616445774736,
        "f": 0.3834408084166049
    }
}