{
    "rouge-1": {
        "r": 0.3023292138774465,
        "p": 0.3088644330640348,
        "f": 0.30346761580771775
    },
    "rouge-2": {
        "r": 0.1061002522492313,
        "p": 0.10828391222543475,
        "f": 0.10634732980098417
    },
    "rouge-l": {
        "r": 0.3017859348207816,
        "p": 0.30837954248349786,
        "f": 0.3029571448156182
    }
}