{
    "rouge-1": {
        "r": 0.4101546441029739,
        "p": 0.41862849364864335,
        "f": 0.4124132092067875
    },
    "rouge-2": {
        "r": 0.18284690881499396,
        "p": 0.18697854486277574,
        "f": 0.18370433699149344
    },
    "rouge-l": {
        "r": 0.4097964051691756,
        "p": 0.4183470977658688,
        "f": 0.4120996891554729
    }
}